{"qbot": [145.0, 0.1], "mcsachyd": [110.0, 1.0], "Depth_Charge": [129.87, 0.079], "aj12": [107.51, 0.79], "xavier.x": [102.0, 0.75], "notDeepMind": [123.77, 0.426573], "jonsnow": [123.09, 0.36], "Nan": [146.65, 0.93], "vv2": [138.01, 0.57872], "gracefulcarrot": [126.71, 0.977], "jgnewman": [108.06, 0.791], "chi1380": [112.21, 1.0], "ppp": [200.0, 1.0], "sw": [105.79, 0.9], "omtm": [113.8, 0.258], "pseudonym1": [171.0, 0.48], "infrared": [132.66, 0.92], "huffman": [119.0, 0.5827], "articuno": [140.0, 0.25], "janezs": [110.09, 0.91], "Depth_Charge_New": [129.87, 0.079], "%E4%B9%A6%E5%8C": [113.41, 0.67], "baseline": [132, 1], "Bruce": [120.75, 0.96], "Juan": [112.01, 1.0], "violet_": [137.55, 0.996], "nan": [103.61, 0.96], "indigo": [125.0, 0.98], "mofacatch": [122.0, 1.0], "leraye": [125.45, 0.31], "Pareto_Potato": [117.0, 0.956], "capybara": [142.68, 0.758958], "LanguageMaster": [119.0, 0.95], "aries": [115.0, 0.39], "Zine.Chant": [129.198276, 0.852977], "student1": [148.0, 0.6], "xXx_STACK_MORE_LAYERS_xXx": [101.34, 0.553], "V": [123.0, 0.38], "wanrongzhu": [131.58, 0.930579], "veryperplexed": [132.28, 0.9234], "zzz": [122.19, 0.93], "shawn": [98.54, 0.7], "SaGeS": [104.08, 0.92], "yyksb": [122.0, 0.9], "haha": [126.1, 0.8], "XD": [127.29, 1.0], "graceful_carrot": [137.79, 0.85], "asb": [105.17, 0.9], "sailormoon": [106.13, 0.954], "pseodo1": [100.0, 1.0], "TB12": [142.73, 0.18], "x2": [200.0, 1.0], "pkwok": [143.66, 0.6751], "feelsbadman": [111.92, 0.78], "uc_help_123": [128.95, 0.98], "wolgye": [112.99, 0.919], "avm96": [122.0, 0.66], "ChimblusVonFrapplebee": [137.43, 0.91], "Zheng_Xu": [115.0, 0.8], "jackmzw": [116.04, 0.91], "SailorMoon": [123.4, 0.932], "uc_student_123": [118.53, 0.44], "The_Invisible_Hand": [125.26, 0.968], "chaofeng": [122.0, 0.98], "haiwang": [108.0, 0.6], "alchemist": [124.42, 0.82], "Yibo": [112.67, 0.8], "Bacon": [119.12, 0.9], "cty": [124.0, 0.8], "Halfman": [1.0, 1.0], "trexwithoutt": [98.72, 0.760505], "rzhou12": [113.41, 0.67], "abcdefghi": [102.0, 0.6], "abcdefg": [102.06, 0.98], "IloveDota": [112.0, 0.9], "bob": [142.0, 0.32], "JensenHuang": [115.0, 0.95], "Huffman": [119.0, 0.5877], "nikved": [117.46, 0.21], "velocirabbit": [96.0, 0.93], "mofa": [116.0, 0.505]}